,DATE,Employee Name,COST,HOURS
2,14/12/2023,Debor Pikesley,311.62,0.4
3,09/09/2023,Masha Clixby,554.62,4.9
4,31/12/2023,Micheal Pilmore,161.57,0.5
8,17/07/2024,Ives Hamly,539.4,4.6
9,17/07/2024,Jesselyn McIlharga,370.2,3.4
13,01/11/2023,Alana Sperrett,530.25,0.1
14,01/09/2023,Brunhilde Foyster,632.88,2.0
15,12/11/2023,Oliviero Maskelyne,172.1,7.2
16,22/09/2023,Claudetta Chilcott,949.28,2.0
17,11/01/2024,Raina Dibbs,159.71,5.9
18,15/06/2023,Nevin Dakin,788.4,0.5
19,22/08/2023,Rabi Fricke,202.85,2.4
20,29/09/2023,Olympia Le Franc,191.0,5.9
21,13/12/2023,Tresa McAlees,606.05,4.1
23,09/07/2024,Cecil Leggatt,422.91,0.3
24,29/06/2023,Shelia Bentall,767.61,5.0
25,09/11/2023,Niall Nutting,441.11,0.5
26,05/10/2023,Aida Lokier,731.53,3.3
27,27/06/2024,Andriana Forster,768.78,0.1
28,12/06/2023,Wolfie Deeth,290.94,0.5
30,25/09/2023,Tedie Causey,768.34,4.4
32,21/07/2024,Mira MacRitchie,447.14,5.9
34,07/10/2023,Vere Wloch,671.96,3.8
37,14/04/2023,Prince Downse,255.39,2.7
40,04/10/2023,Andy Lebreton,171.27,2.8
41,16/12/2023,Cammy Mateev,322.71,6.2
42,03/06/2023,Jannel Blundan,962.14,0.7
43,10/04/2023,Casi Milne,33.76,7.4
45,28/05/2024,Dasha Drewe,137.9,1.7
47,14/09/2023,Lettie Perchard,899.17,1.5
49,29/04/2023,Coleen Marty,404.57,5.5
50,31/05/2023,Lettie Prescott,613.7,3.0
51,06/02/2024,Jonis Fay,293.08,3.1
52,09/05/2024,Corbett Kenworthey,988.53,7.5
54,05/04/2023,Benedicto MacKnocker,755.43,2.5
55,10/07/2024,Molli Goulborne,439.85,0.1
56,08/07/2024,Vance Dubbin,335.58,1.9
57,17/11/2023,Salome Bartels-Ellis,820.56,5.8
58,04/02/2024,Dacey Fitzpatrick,532.01,5.5
60,07/04/2024,Rae Labon,484.48,1.6
61,25/06/2023,Aurore Sexon,103.4,5.4
62,04/08/2023,Jude Trenbey,689.15,5.8
63,04/11/2023,Wallie Brampton,497.36,6.2
64,05/07/2024,Mufinella Hugett,611.72,1.0
65,07/06/2024,Osborne Quye,874.02,7.1
66,02/07/2023,Charlotta Boken,193.79,5.2
69,28/08/2023,Rafaellle Vorley,596.85,7.7
70,08/04/2024,Audrye Crittal,380.28,7.2
72,05/06/2023,Lennie Wort,881.62,0.3
73,10/05/2023,Thorvald Wasselin,353.06,0.6
75,03/06/2024,Raymond Lawrinson,537.02,0.2
76,29/11/2023,Freddy Glasscoo,552.78,1.3
79,17/05/2024,Barton Ashdown,972.99,2.6
80,12/04/2023,Seumas Girdlestone,95.76,1.7
81,11/02/2024,Evita Wasmer,874.84,1.6
82,02/06/2023,Meredith Millhouse,256.23,0.6
83,09/07/2024,Kelly Dufty,565.23,0.1
84,24/06/2023,Meg Gerardi,64.12,1.9
85,21/12/2023,Scotti Knott,408.84,1.5
86,20/07/2024,Westbrooke Dewfall,693.72,6.4
87,22/11/2023,Guthrie Watterson,69.22,3.2
88,27/11/2023,Zaria Stearn,311.18,6.7
89,27/03/2024,Binni Weblin,221.55,5.5
90,06/12/2023,Crosby Rendbaek,26.35,0.9
91,06/03/2024,Merrill Coller,432.56,7.7
92,24/01/2024,Julio Jakaway,179.34,5.4
93,17/09/2023,Blinny Bettesworth,716.41,4.6
94,17/06/2024,Sawyere Learned,309.06,4.9
95,02/04/2023,Nadya Cowans,253.82,0.3
100,18/06/2024,Bancroft Habbergham,24.74,3.5
102,19/06/2023,Feliza Mace,477.99,3.1
103,12/11/2023,Madalena Rutland,104.79,1.6
106,12/01/2024,Gladys Bukac,1.63,6.8
107,27/11/2023,Donielle Kahn,840.29,5.6
110,16/06/2024,Dale Price,303.91,0.7
111,16/03/2024,Mechelle Gile,546.26,6.1
113,23/10/2023,Adi Weaben,765.41,7.6
114,11/03/2024,Evaleen Arnall,664.69,4.2
115,20/01/2024,Gayler Challoner,700.97,7.3
116,21/11/2023,Brose Kerner,682.88,0.6
117,19/03/2024,Jeremy Brucker,891.1,1.2
118,14/08/2023,Jenni Dunguy,337.13,5.2
123,01/05/2024,Gothart Hankin,540.16,1.2
124,21/02/2024,Blair Gosnell,31.84,2.9
125,31/08/2023,Der Borgnet,883.1,7.2
127,20/07/2024,Maisie Fordy,307.3,2.6
130,18/04/2024,Suellen Badrick,15.39,6.7
134,21/07/2023,Danice Lansberry,822.81,1.4
136,09/12/2023,Gasparo Balden,327.44,4.1
138,09/08/2023,Wolfgang Ablett,426.81,6.8
139,17/04/2024,Teddy Dik,312.77,1.1
141,18/07/2023,Cacilia Roddan,535.72,4.1
142,02/11/2023,Kevon Freer,250.75,3.5
143,15/11/2023,Fanchette Boyett,277.84,2.2
144,24/01/2024,Wynn Girardin,96.5,5.0
145,08/01/2024,Norry Frier,144.37,2.4
146,26/10/2023,Henderson Gubbins,686.87,3.5
148,23/02/2024,Essie McIlwraith,933.95,6.8
149,29/07/2024,Dennison Lindstrom,299.69,0.7
150,25/04/2023,Jacki Wicks,894.59,5.7
151,28/07/2023,Carline Forgan,212.55,3.3
154,22/06/2023,Corri Ivanchin,15.97,2.8
155,09/12/2023,Witty Mews,123.87,0.2
157,21/12/2023,Chickie Bartolomeotti,812.71,4.5
158,01/06/2023,Felike Talton,103.23,3.0
159,04/06/2024,Cherilynn Sictornes,319.7,4.7
160,27/06/2023,Reamonn Guilliland,931.54,4.5
161,13/03/2024,Kari Baggarley,613.27,2.3
162,18/11/2023,Elka Cromack,360.68,6.7
163,06/05/2023,Dael Ritchie,336.11,3.0
164,18/07/2024,Cherey Aidler,112.57,6.2
166,19/07/2023,Claribel Luetkemeyer,216.13,7.9
167,07/12/2023,Gianni Speight,51.1,1.6
168,29/06/2023,Grace Ollerearnshaw,206.86,6.8
170,05/08/2023,Janis Waumsley,903.65,7.1
172,24/09/2023,Mariejeanne Tremeer,826.21,7.4
175,24/04/2023,Vincent Caldaro,55.57,6.6
176,06/05/2024,Lanna Fowlston,532.74,5.7
177,10/12/2023,Karisa Bagehot,758.24,4.4
178,30/10/2023,Glenden Coster,325.37,6.1
181,12/06/2023,Odella Pflieger,407.58,7.5
182,19/06/2024,Rockey Schops,813.02,3.1
184,06/08/2023,Sandro Alabastar,460.12,4.0
185,30/09/2023,Dulsea Swigg,189.12,2.0
186,15/01/2024,Philippe Froggatt,880.95,1.3
187,15/05/2024,Willi Braferton,792.07,7.7
189,06/12/2023,Ali Confort,104.82,2.1
191,06/10/2023,Dewie Doerling,947.35,1.5
192,08/07/2024,Ciro Waything,7.84,1.3
193,11/09/2023,Biron Rendell,844.29,5.5
195,23/11/2023,Herculie Castree,896.44,2.6
196,19/06/2024,Leodora Chartre,677.91,4.9
198,01/01/2024,Bone Haye,271.95,6.4
200,27/12/2023,Clywd Gouldthorpe,595.34,2.3
202,17/06/2023,Rivalee Sizzey,160.79,6.8
203,06/02/2024,Kevin Montel,0.4,3.1
204,10/09/2023,Meggie Elijah,685.41,0.1
205,22/02/2024,Pavel Swann,472.82,6.2
208,23/07/2024,Wyatt Arthur,272.66,0.9
209,15/07/2024,Klaus Speir,368.8,2.8
210,22/07/2024,Calvin Dorgon,202.27,5.1
211,19/12/2023,Morganne Carpe,7.38,5.2
212,04/02/2024,Nertie Farrears,10.44,7.4
213,14/07/2023,Willi Mannin,698.18,5.9
214,21/06/2023,Antoinette Fierro,781.77,7.4
215,29/02/2024,Imogen Lorkins,99.66,2.1
216,08/06/2023,Belicia Drei,97.44,2.3
218,14/05/2024,Lorain Oriel,27.96,2.2
219,02/11/2023,Francois Pomfrey,702.26,6.3
220,07/04/2023,Cully Gommery,698.97,5.7
221,23/06/2024,Ulrikaumeko Hurn,534.86,5.6
222,02/05/2023,Jarib Canizares,151.69,7.8
223,27/01/2024,Prudy Lansdale,716.27,4.8
226,27/07/2023,Bradan Allwell,755.38,0.8
227,20/01/2024,Des Budding,635.7,2.4
228,21/04/2024,Heida Biles,646.44,4.8
229,08/05/2023,Maressa Clapperton,71.64,4.2
230,17/03/2024,Travis Villaron,71.78,1.7
231,07/07/2023,Dalton Bence,529.43,5.4
232,15/12/2023,Adolpho MacCrackan,933.83,1.7
233,03/03/2024,Clayton Sogg,76.91,3.7
234,01/05/2023,Lesli Leak,817.45,6.9
235,20/01/2024,Roobbie Ismead,396.96,7.8
239,05/08/2023,Marietta Smith,210.96,7.1
240,28/04/2023,Dora Maxted,225.47,3.4
243,11/11/2023,Agata Muirhead,578.98,2.1
244,18/10/2023,Shelley Guerola,584.65,5.7
245,31/07/2023,Dick Vaz,8.21,3.5
246,14/05/2024,Jarrett Gheorghescu,202.28,3.3
247,25/10/2023,Maxy Bramo,641.58,6.0
248,03/05/2023,Christabel Gutridge,535.54,5.3
249,11/04/2023,Chicky McWilliams,778.19,3.1
250,21/08/2023,Jamil Cristofalo,399.4,0.9
251,09/06/2023,Orren Ivashintsov,449.39,0.0
252,29/09/2023,Ursulina Waskett,629.98,5.3
253,01/07/2024,Gusta Rarity,634.5,5.4
254,29/03/2024,Giselle Dewdney,994.33,6.0
255,13/04/2024,Erina Simondson,651.8,3.3
256,18/02/2024,Jobi Hall-Gough,400.64,3.5
258,20/04/2024,Dorry Redon,730.63,0.2
259,08/12/2023,Karlotta Dallison,336.75,7.8
260,23/07/2024,Hyman Grinval,75.08,2.3
262,27/01/2024,Marys Simoncini,36.6,1.4
263,07/03/2024,Laetitia Michieli,330.44,3.5
264,13/06/2024,Rosaline Reinbach,656.08,5.4
265,11/05/2023,Carri Durrington,323.97,4.1
267,05/07/2024,Kaylyn Behnecken,590.92,0.2
269,17/05/2024,Mateo Paike,625.02,1.6
271,06/01/2024,Marcelline Clell,529.32,7.3
273,08/09/2023,Devland Northcote,614.56,6.2
275,21/04/2024,Lonnard Cree,553.03,7.9
276,20/05/2023,Gordan Thulborn,855.77,3.4
277,17/02/2024,Magda Pressdee,380.98,2.9
278,24/05/2023,Chrisy Oddy,584.34,7.3
279,06/10/2023,Batsheva Childs,308.51,7.2
280,20/08/2023,Carlos Kevlin,886.9,2.8
281,14/05/2023,Phineas Bunford,836.58,0.1
282,17/07/2023,Charlie Brellin,756.07,1.0
284,21/05/2024,Sabine Duggary,954.02,5.5
285,02/07/2023,Daphna Parlatt,701.91,7.0
286,10/05/2024,Petronella Greene,328.67,6.0
288,13/01/2024,Chanda McMychem,585.0,1.8
290,25/02/2024,Afton Brainsby,889.89,5.9
293,21/02/2024,Britney Guillot,592.43,1.2
294,09/06/2024,Glynn Strafen,332.87,3.2
295,29/05/2023,Gretchen Gianullo,949.96,0.4
296,15/06/2024,Casi Oolahan,145.58,7.2
297,16/11/2023,Melloney Maffy,200.37,0.6
299,18/06/2024,Modestia Robiot,266.38,6.5
300,07/05/2023,Elsey Delacourt,864.5,7.7
301,06/01/2024,Lilla Yakovl,742.87,7.4
302,29/06/2023,Gaultiero Stanway,428.39,5.0
305,14/05/2024,Kristos Henrys,180.91,2.3
307,28/04/2023,Jorie Collington,272.5,3.0
311,29/08/2023,Shadow Dudney,819.14,0.1
312,22/04/2023,Francyne Hedley,797.67,0.6
313,20/11/2023,Ronna Foulgham,760.59,0.2
314,23/07/2023,Nickie Jagoe,445.51,3.1
315,01/01/2024,Moll Trevorrow,658.32,7.3
316,24/06/2023,Lyn Bowley,232.82,7.5
317,08/12/2023,Paxton Corden,331.87,6.5
319,23/05/2023,Barbee McIlmorie,336.0,4.4
321,18/02/2024,Petronia Spivey,467.96,1.2
322,04/10/2023,Johnathon Bridle,169.07,6.0
323,18/02/2024,Ginger Antoszewski,106.69,6.0
324,13/09/2023,Bradley Kuhwald,503.85,1.1
326,06/07/2024,Brew Canti,942.42,4.7
328,18/05/2023,Brittaney Swinyard,499.63,2.5
330,30/07/2023,Wendy Meynell,816.44,4.3
331,31/05/2023,Clerc Wallwork,233.81,4.8
336,19/02/2024,Vernon Thireau,160.88,1.9
338,25/05/2024,Ashlen Pocknoll,722.98,2.1
339,07/05/2023,Glad Cotgrove,537.09,0.5
341,14/09/2023,Renato Kynaston,152.6,7.9
342,29/07/2023,Dukey Mellows,819.17,7.5
343,25/08/2023,Asher Ropcke,297.28,0.5
344,04/03/2024,Alleen Hanby,681.13,4.6
345,07/06/2023,Dulcie Denness,706.9,1.1
346,18/07/2023,Ame Heberden,268.76,2.0
347,05/06/2024,Dniren Orman,864.08,3.1
348,02/04/2023,Karita Wanjek,67.72,3.4
349,18/05/2024,Hieronymus Ricardin,121.38,7.2
350,20/01/2024,Alden Lockless,635.85,3.5
351,02/09/2023,Abelard Buxey,553.75,2.4
352,20/06/2024,Bel Martynov,86.73,4.8
353,08/05/2024,Colleen Vannah,130.84,3.4
354,25/05/2023,Kelcy Kadar,564.53,2.4
356,24/02/2024,Zelig Gittins,280.87,5.8
357,05/05/2023,Karalee Stokell,136.0,3.1
358,23/09/2023,Bernhard Drepp,981.92,7.4
359,30/01/2024,Mallory Bangley,117.89,7.0
360,09/02/2024,Woodrow Mealing,953.08,5.3
363,19/04/2024,Kele Vanini,384.74,4.9
364,19/05/2023,Jehanna Arrington,226.27,5.3
366,28/01/2024,Brena Avrashin,924.29,2.8
367,12/02/2024,Sydney Bindley,196.42,6.4
368,25/07/2024,Demetria Francescozzi,547.25,5.3
369,24/06/2023,Elita Benettini,164.76,0.9
370,14/11/2023,Gonzales Bradly,347.48,4.6
372,08/05/2024,Aleda Buttler,816.96,5.4
373,01/07/2024,Stanislaw McNeigh,512.53,6.3
374,13/03/2024,Ofilia Bayman,626.64,2.5
375,03/05/2024,Prisca Sowood,717.98,3.4
378,30/12/2023,Ellene Huntly,970.43,2.2
379,09/10/2023,Kermie Dymidowicz,388.54,4.3
382,20/09/2023,Mikey Beaulieu,861.26,0.5
385,02/10/2023,Elly Martina,417.01,7.2
387,18/05/2024,Clywd Langridge,434.96,7.2
388,26/02/2024,Robinet Ramelot,94.79,6.3
390,26/02/2024,Caspar Wiltshire,550.34,1.1
391,12/07/2024,Muire Skillitt,664.2,7.5
392,30/04/2024,Venus Vasyaev,849.34,4.4
393,01/03/2024,Barton Hanson,314.98,6.4
394,12/05/2023,Kittie Pettifer,514.33,7.1
397,10/05/2024,Ingeborg Markussen,354.61,5.3
399,15/10/2023,Ladonna Burnell,967.23,2.9
400,14/06/2024,Lynnette Cahalan,753.88,7.1
404,31/10/2023,Petrina Quinnette,599.52,1.9
405,01/06/2023,Kanya Campsall,508.73,3.8
406,17/09/2023,Daveen Portman,149.24,2.4
407,10/03/2024,Heinrick Ronci,924.22,2.0
409,14/09/2023,Vitia Boxe,311.73,5.0
411,22/05/2023,Vale Crecy,651.06,2.9
412,17/06/2024,Marlee Tomalin,946.16,6.6
414,14/03/2024,Constancy Frunks,732.71,7.9
415,20/07/2023,Ashly Goodered,180.46,1.4
416,15/04/2024,Merl Walthall,537.78,7.2
418,31/05/2023,Moria Duiguid,766.34,2.4
420,05/03/2024,Megen Grayne,43.47,6.3
421,16/05/2024,Ringo Gegay,605.11,3.4
424,26/04/2024,Erek Henric,72.66,7.6
425,29/06/2023,Agnese Coll,853.13,6.5
426,27/04/2024,Jacobo Rihanek,588.02,0.7
427,15/07/2023,Hussein Itzchaky,729.44,3.6
428,16/02/2024,Aeriell Franzini,396.3,4.2
429,22/05/2023,Hertha Atherley,954.06,7.5
431,27/03/2024,Bondon Colegrove,447.81,0.7
432,05/11/2023,Darby Boothroyd,136.62,1.4
433,25/04/2023,Marci Bamlett,27.14,7.9
434,27/06/2024,Ray Coghlin,642.68,3.0
437,05/07/2024,Mitchell Kitney,553.46,5.4
438,02/12/2023,Elissa Braybrook,876.3,5.8
439,22/06/2024,Hube MacGilpatrick,68.0,3.7
440,08/07/2023,Web Nevison,768.62,5.7
441,14/01/2024,Jakob Dreher,864.72,7.6
442,10/07/2024,Jeniffer Tanzer,397.97,4.1
443,09/10/2023,Charin Cotterrill,19.15,6.9
444,31/05/2023,Jeremiah Pedreschi,80.74,0.6
445,19/11/2023,Lucky Kinson,548.37,2.7
449,03/05/2023,Arline Allston,376.2,6.6
450,21/01/2024,Jenifer Allan,710.05,5.2
451,26/06/2023,Jaine Varndell,185.31,0.8
452,29/07/2024,Sofie Shapland,179.97,2.5
453,30/04/2024,Bethanne Risborough,225.41,5.1
454,07/06/2023,Maxy Sproson,505.39,5.6
456,05/07/2024,Dolley Spilsted,710.05,0.3
457,25/12/2023,Elly Clutram,344.02,1.1
458,12/12/2023,Hartley McClancy,996.33,4.9
459,30/05/2023,Alfreda Wartnaby,200.41,0.9
460,19/06/2023,Raynard Wollard,662.73,1.0
461,10/01/2024,Obed Bandey,191.66,5.4
463,22/07/2024,Corrie Mateuszczyk,470.25,1.4
464,14/07/2023,Benni McAlees,419.64,6.0
465,09/02/2024,Ashton Lamswood,869.38,6.4
466,06/08/2023,Isidora Jodrelle,991.86,4.0
467,06/06/2023,Fabio Arnason,48.57,2.0
468,20/05/2023,Sawyere Westnedge,561.56,1.7
469,27/05/2023,Larisa McPhelimy,43.05,4.3
470,01/07/2024,Darcy Bradnocke,380.76,6.6
471,21/03/2024,Stefa Campione,814.83,3.7
472,15/02/2024,Ennis Culver,763.34,1.5
476,24/06/2023,Jacki Swaite,561.46,2.5
477,06/06/2023,Rica Scrimgeour,780.86,6.5
478,22/06/2023,Ari Sweeney,284.4,6.6
480,18/07/2024,Rodi Raft,705.49,6.8
481,06/02/2024,Juliette Redihough,137.58,5.1
483,03/09/2023,Byran Tamblingson,498.83,7.1
484,30/12/2023,Hastings Bernot,17.22,0.0
485,09/04/2023,Norean Arghent,626.37,0.9
486,09/10/2023,Marlane Lumly,52.24,7.6
487,20/05/2023,Ossie McRonald,714.58,4.5
488,28/06/2024,Gardiner Tattershaw,333.34,2.6
489,16/05/2024,Zabrina Plumbley,860.5,2.7
490,09/09/2023,Blinni McCoveney,268.66,5.3
491,02/12/2023,Elsworth Damato,928.24,6.0
492,14/03/2024,Marigold Gillion,65.86,7.7
493,06/07/2023,Ardelle Pischel,716.38,2.3
494,14/02/2024,Sherm Gradon,995.55,4.5
496,27/06/2023,Fairfax Gehrtz,611.64,3.1
498,11/06/2023,Stern Keenleyside,254.49,0.1
500,06/11/2023,Antony Childrens,86.16,7.9
502,09/05/2023,Michele Gert,887.41,4.0
503,27/06/2023,Millard Thynne,659.45,3.2
504,22/02/2024,Robb Camois,589.34,3.9
506,18/09/2023,Alli Hallor,328.26,5.5
508,28/05/2024,Pegeen MacDermott,956.01,3.7
509,04/08/2023,Clare Alstead,653.3,2.1
510,16/06/2024,Gwenette Scholz,650.09,3.8
511,21/11/2023,Storm Sircomb,736.68,1.7
512,30/09/2023,Roxine Kacheler,498.09,1.7
513,13/05/2024,Artur MacAree,57.63,2.0
514,15/05/2024,Fanya Dormon,372.03,0.3
517,07/01/2024,Cori Coviello,561.65,1.0
519,17/12/2023,Tawnya O'Corr,299.45,0.5
520,22/05/2024,Marjorie Delepine,652.54,6.9
521,02/01/2024,Ronda Wilkes,946.45,7.4
522,02/07/2024,Nonah Jedrachowicz,219.96,4.1
523,19/02/2024,Valaria Peffer,785.37,0.1
524,17/04/2023,Joaquin Crafter,883.58,2.0
525,01/04/2024,Megan Tams,528.95,5.6
528,21/08/2023,Yule Trevascus,80.63,4.0
529,25/03/2024,Karlan Glaum,761.12,1.1
530,22/12/2023,Cordell Smitherman,898.01,4.5
531,23/05/2023,Aarika Dytham,824.07,6.3
532,01/04/2024,Travis Gascar,917.29,1.3
533,19/12/2023,Nickie Neilly,57.55,0.4
535,04/04/2023,Fayina Metherell,385.21,4.4
536,29/03/2024,Lin Belcham,200.91,1.7
538,23/12/2023,Gussie Janeczek,739.91,3.6
539,19/03/2024,Puff Donaway,866.16,1.8
542,15/05/2024,Linc Muddle,117.79,2.6
543,07/05/2023,Tess Daspar,362.39,6.5
546,16/11/2023,Iggy Henzley,266.65,4.8
548,15/04/2024,Abel Stothert,303.83,4.7
549,05/08/2023,Thornton Panniers,901.26,1.2
550,27/10/2023,Biddy Busby,182.67,0.5
551,22/09/2023,Randie Ballentime,855.92,7.6
553,28/04/2024,Finlay Lenglet,456.0,2.0
554,30/11/2023,Garey Ingles,317.2,5.2
555,23/04/2024,Conrade Atwool,99.4,4.4
556,18/05/2023,Maynord Conklin,687.6,5.4
557,12/08/2023,Clayborn Lightbowne,678.31,1.0
558,01/06/2024,Clevey Hurlestone,278.96,3.3
560,15/03/2024,Evangelia Dowry,370.43,7.5
561,21/03/2024,Rafaellle Treagust,717.33,1.9
563,06/05/2024,Bevvy Roeby,974.99,0.6
564,28/04/2024,Shandeigh Constance,607.83,3.1
565,29/11/2023,Leonid Relfe,966.38,5.7
566,20/04/2023,Baily Birkmyr,58.03,0.0
567,18/02/2024,Miriam Fleis,798.26,0.8
569,06/03/2024,Dillie Capon,555.76,0.5
574,24/02/2024,Oralee Norwood,943.65,0.3
575,01/09/2023,Mikel Croutear,740.14,3.7
577,15/08/2023,Saidee Spalding,654.09,7.9
578,25/01/2024,Cherrita Eaglestone,776.9,5.0
580,26/07/2023,Willy Dummigan,901.64,5.9
582,09/01/2024,Halley April,918.5,1.6
584,24/02/2024,Adelina Yallop,188.3,3.4
585,09/07/2023,Jessie Dykas,579.2,0.2
586,08/10/2023,Jory Colquit,329.45,2.2
588,21/07/2023,Grant Spurnier,781.38,1.9
592,12/06/2024,Elinor Luard,155.4,0.2
593,11/02/2024,Port Romaines,523.16,5.2
594,19/05/2024,Claretta Drakeley,985.03,6.5
598,22/11/2023,Carita Salleir,970.54,4.3
601,26/05/2023,Jacinda Local,248.29,3.2
602,12/05/2024,Josie Rooney,59.44,4.7
604,07/04/2024,Sheri Radbourne,341.36,5.2
606,01/12/2023,Ketty Newling,505.42,7.5
607,29/04/2024,Christie Buck,699.19,3.5
608,15/07/2023,Konstantin Jeeks,416.08,3.0
609,29/07/2023,Eduardo Emblow,477.06,1.8
611,12/12/2023,Nap Rowntree,126.05,1.4
612,24/12/2023,Berty Canete,265.6,4.7
613,15/05/2023,Paolo Trobridge,160.17,7.0
616,12/10/2023,Torrence Couser,532.08,0.3
617,17/08/2023,Sydelle Allot,82.49,1.0
618,20/11/2023,Mignon Eschalotte,784.28,4.3
619,11/10/2023,Norman Moogan,958.81,6.5
620,12/07/2024,Sara-ann Climer,611.86,0.3
621,29/03/2024,Delaney Dauney,171.34,5.3
622,08/05/2024,Maximilianus Fishbourne,691.66,3.4
623,10/06/2023,Bentlee Dozdill,688.09,4.1
625,10/06/2024,Lenci Atherley,992.55,0.2
626,22/04/2023,Roselin Easey,395.98,2.1
627,24/06/2023,Dorine Mongeot,845.08,6.6
629,03/05/2023,Horton Conner,636.57,5.3
632,03/11/2023,Jock Shale,579.57,0.1
633,05/01/2024,Gerri Mellmoth,247.48,0.2
635,19/06/2024,Graeme Pobjoy,343.28,7.0
636,11/02/2024,Abigail Topham,55.85,7.5
637,21/06/2023,Dannel Scoggins,258.58,3.7
639,06/05/2023,Burch Dignum,873.47,5.7
640,31/05/2024,Hendrik Antonutti,138.72,5.4
642,15/04/2023,Gregoor Peet,978.25,1.0
643,23/02/2024,Madelene Yves,351.78,3.5
648,11/11/2023,Scarlett Spellsworth,650.02,3.0
649,10/02/2024,Linc Saintsbury,359.09,3.2
651,30/09/2023,Kerry Colbran,356.71,7.8
653,17/02/2024,Carmen German,434.23,2.9
654,12/01/2024,Sinclare Schrinel,34.77,2.7
656,06/07/2024,Byrle Dufoure,416.55,4.1
659,30/04/2024,Kirstin Brookwood,937.38,5.9
661,18/12/2023,Gare Wilsee,320.85,5.5
662,27/06/2024,Ignacius Flisher,529.09,1.0
664,22/06/2023,Mildred Worsnop,761.94,3.3
665,08/07/2024,Sophronia Storch,20.48,6.9
666,22/10/2023,Frederico Cottham,214.94,1.9
667,22/09/2023,Doretta Truesdale,415.77,2.4
668,14/07/2024,Florinda Campany,623.77,4.6
669,30/01/2024,Terry Longbothom,614.01,1.9
670,21/03/2024,Gerrilee Mowsley,853.56,5.1
671,04/11/2023,Salem Charman,68.7,5.5
672,29/05/2023,Nicholas Adolf,810.63,5.9
674,02/05/2023,Ermin Lowensohn,285.97,7.5
675,07/04/2023,Eveleen Giovannetti,964.77,1.0
676,20/07/2024,Brittne Kaasmann,277.03,5.7
677,15/05/2023,Tristan Livett,703.94,6.8
678,11/11/2023,Hyacinth Goakes,132.88,7.8
679,25/06/2023,Briana Grisenthwaite,173.53,5.4
682,08/08/2023,Janella Hugonet,453.16,4.1
684,06/07/2024,Sallee MacGilpatrick,736.98,5.6
685,19/03/2024,Blythe Osinin,812.21,7.6
687,08/07/2023,Maggee Netley,322.11,3.1
689,19/06/2024,Stuart Fearneley,880.24,0.8
690,07/05/2023,Letitia Massot,405.04,2.3
691,31/05/2024,Clarita Waplinton,669.73,2.9
692,02/06/2023,Robenia Atkins,394.26,3.9
694,12/06/2024,Desmund Gonnet,317.62,3.5
698,13/07/2024,Cherilyn Torbett,835.77,0.8
699,03/01/2024,Mella Sivills,316.58,7.9
700,20/11/2023,Kizzee Esley,330.83,5.4
701,19/12/2023,Piggy Maxworthy,667.84,2.6
703,11/10/2023,Stesha McReynolds,698.44,2.6
704,15/05/2023,Carrol Gabotti,892.7,2.8
705,19/03/2024,Bambie Leas,4.35,4.6
706,19/10/2023,Trenna Selwood,185.72,3.7
707,16/12/2023,Delcina Neiland,108.47,7.4
708,25/11/2023,Stanfield Duthy,131.18,4.8
713,08/11/2023,Jervis Ashfull,78.81,1.0
714,23/05/2023,Tarra Carp,622.48,7.6
715,27/07/2023,Dane de Castelain,610.86,2.1
716,13/05/2024,Bird Hovington,475.93,5.5
717,10/03/2024,Charil Kynton,153.6,5.1
718,30/06/2024,Amandi Reuble,25.69,2.1
719,09/06/2024,Ambrosius Pound,131.51,1.1
720,22/07/2023,Shawnee Hauxwell,716.22,2.9
721,08/06/2023,Adelice Goddman,785.1,4.3
722,12/06/2023,Garreth Popeley,208.32,7.5
724,28/05/2023,Edmund Doolan,507.79,2.6
726,17/01/2024,Barton Capstack,962.31,2.4
727,13/05/2023,Hirsch Reisenstein,899.49,4.4
728,19/04/2023,Welbie Sparkwill,605.91,6.0
730,24/11/2023,Babette Clemendot,491.68,2.5
731,23/09/2023,Georg Hall-Gough,745.98,0.2
733,04/07/2024,Marcellus Cringle,233.39,1.0
734,05/07/2023,Garret Shieldon,157.74,2.4
735,21/05/2023,Raul Enevoldsen,632.09,7.1
737,15/02/2024,Susanne Olsen,377.05,1.4
738,09/04/2024,Dieter Chastel,852.42,1.5
739,27/11/2023,Bren Baukham,829.74,5.3
740,31/07/2023,Herrick Grammer,180.29,5.7
742,08/04/2024,Lamar Danilyak,661.74,7.3
743,02/11/2023,Suellen Arnaudon,335.63,0.4
744,15/05/2024,Edd Barendtsen,981.38,4.7
745,19/10/2023,Waldemar Renshell,728.99,6.0
747,02/05/2024,Liva Scandrett,916.37,2.2
748,02/01/2024,Dotty Spraggs,705.96,4.8
749,20/06/2024,Samson Pigott,930.01,7.2
750,31/08/2023,Pavia Peatt,991.53,6.3
751,06/04/2024,Bowie Shufflebotham,472.36,3.9
752,02/11/2023,Dorella Courtes,55.33,0.4
754,12/10/2023,Perle Nowakowska,620.07,4.2
756,27/05/2023,Ada Antrim,858.2,2.2
757,08/11/2023,Bruis Lots,155.25,1.9
758,20/11/2023,Barret Struis,620.01,6.0
759,21/11/2023,Claudelle Lippiatt,137.32,1.4
760,26/05/2023,Hermina Scollard,132.48,0.1
761,04/10/2023,Skye Male,809.33,5.0
762,19/06/2023,Axe Whacket,197.4,2.6
763,27/04/2024,Paule Sentinella,114.55,6.2
764,10/10/2023,Constanta Hamon,442.44,3.1
765,12/10/2023,Seymour Roback,247.55,3.5
766,07/04/2024,Kingsley Timmermann,468.5,5.7
769,27/04/2024,Kathryne Serrurier,824.58,4.6
770,08/07/2023,Malva Rowlstone,54.05,1.1
771,01/01/2024,Stephana Segge,102.93,6.1
772,21/07/2023,Abbi Curr,233.11,0.9
773,14/04/2023,Corbin Truckell,763.84,1.5
774,31/05/2023,Eirena Gulk,498.69,2.2
775,24/05/2024,Norrie Dominick,693.48,0.2
776,02/01/2024,Cicely Scoffham,422.82,2.6
777,22/04/2023,Kyle Filintsev,443.89,1.7
778,16/02/2024,Benito Hagart,198.36,5.8
780,22/04/2023,Oswald Dewer,887.67,1.9
781,23/05/2024,Ellissa McQueen,230.55,7.3
782,12/12/2023,Hew Bendel,215.61,3.5
784,03/02/2024,Carline Corah,246.47,0.3
786,02/07/2024,Kareem Vedenichev,378.07,0.9
787,29/01/2024,Roley Hawkes,336.11,3.6
790,31/12/2023,Peggi Dunklee,822.49,0.5
791,30/10/2023,Barron Hardy-Piggin,124.36,4.9
793,17/05/2023,North Camplen,779.83,4.0
794,13/07/2024,Duncan Freezor,811.21,4.4
795,12/04/2023,Marco Antonoczyk,779.96,4.6
796,28/05/2024,Consalve Tompkin,869.26,4.3
797,23/05/2023,Neron Dulin,294.72,7.8
799,21/04/2023,Dedra Ludlow,304.06,0.3
800,22/12/2023,Harald Antoniazzi,681.52,3.0
801,10/05/2023,Tabitha Gidley,293.73,3.6
802,01/07/2024,Stephani Clunan,829.57,2.2
803,14/05/2023,Frazier Dunsleve,141.92,3.6
804,07/03/2024,Garvey de Almeida,955.04,6.7
805,13/10/2023,Baryram Stag,727.38,0.8
806,08/10/2023,Marybelle Gowrich,397.28,7.5
807,06/12/2023,Dianna Clayal,654.18,0.7
808,02/03/2024,Cordelia Granville,703.22,1.1
809,21/10/2023,Waite Tregenna,572.19,5.8
812,22/08/2023,Vinnie Megany,123.08,3.7
813,27/11/2023,Jean Guinnane,17.07,4.9
815,17/05/2023,Lynnell D'eath,439.42,4.3
816,24/07/2024,Valencia Kimmons,818.87,7.5
817,12/02/2024,Bel Bruhke,405.77,6.7
820,05/03/2024,Rhody Ilyenko,517.41,2.1
822,17/04/2024,Murvyn Seiffert,32.03,1.5
824,06/07/2024,Glad Larchiere,500.91,6.3
825,17/08/2023,Edin Biddell,828.06,5.0
827,21/05/2023,Claudell Peever,394.22,4.6
828,05/05/2024,Lissy Hakeworth,79.65,7.0
829,13/04/2023,Wyatan Goadby,174.31,5.4
830,07/10/2023,Erl Weedon,136.45,0.1
831,08/05/2023,Conan Fieldgate,719.24,1.3
832,25/04/2023,Fania Dungate,375.18,1.7
833,15/06/2023,Aubrey Plaide,795.48,6.9
836,02/02/2024,Aubert Lutty,694.39,3.5
837,06/07/2024,Pier Rhelton,222.88,0.2
838,09/05/2023,Fabe Enticott,94.86,3.4
839,24/01/2024,Elijah Southgate,539.03,5.1
840,06/07/2023,Eustace Thirkettle,581.58,7.0
841,25/11/2023,Lisbeth O'Connolly,845.97,5.8
843,28/10/2023,Zared Cambling,20.99,1.8
844,01/05/2024,Krystal Kightly,160.69,3.4
846,22/05/2024,Berkie Loughran,510.04,3.9
847,13/10/2023,Gary Colvie,280.24,6.4
848,12/08/2023,Alexis Lujan,816.92,0.0
849,18/06/2024,Killian Mellanby,904.08,5.0
850,09/12/2023,Zachary Wetheril,66.14,1.1
852,28/06/2024,Inessa Tharme,914.79,5.6
853,07/12/2023,Bliss Edowes,484.36,6.8
854,24/04/2023,Mildrid Ginity,606.97,6.3
855,11/05/2024,Sher Stenton,542.89,4.5
857,18/05/2024,Donnie Dettmar,107.38,0.5
858,14/10/2023,Blinnie Scarr,845.19,3.3
859,18/12/2023,Blinnie Kelly,495.11,4.9
860,24/08/2023,Moises Dowtry,342.1,6.2
861,05/05/2023,Amalle Duffree,731.47,0.9
862,14/10/2023,Laurent Gravett,519.25,1.6
865,08/04/2023,Patsy Franchioni,506.99,0.6
866,17/05/2023,Dory Gerram,368.97,4.9
867,12/06/2023,Jodie Gerrey,357.28,0.8
868,14/04/2024,Charyl Dinsmore,915.15,3.7
869,09/07/2023,Ernesta Mayworth,394.93,4.2
871,18/06/2024,Malia Mundow,65.71,4.7
872,02/11/2023,Tabby Bagnell,212.33,3.9
873,16/05/2023,Caitlin Attewill,767.94,0.8
874,07/10/2023,Gianna Alfuso,574.55,1.7
875,09/10/2023,Rahal Sauter,340.54,2.6
877,27/05/2024,Randolph Laybourne,345.54,7.1
881,01/04/2024,Brear Scamadin,89.0,3.0
883,08/04/2024,Enid Sudell,574.38,3.8
885,12/08/2023,Lillis Peyton,905.73,1.2
886,18/09/2023,Jephthah Rolls,593.52,7.6
887,15/10/2023,Alvan Smithson,895.87,2.9
889,11/09/2023,Arnoldo Haine,610.24,4.8
890,18/01/2024,Dru Gamil,470.33,0.2
892,26/10/2023,Giorgia Zecchi,982.61,2.7
894,03/11/2023,Rhett Massot,93.99,0.7
895,01/06/2024,Harvey Backe,561.06,5.9
896,24/12/2023,Horst Steers,287.15,4.3
897,08/05/2024,Rica Pantecost,539.68,0.6
898,13/10/2023,Patrica Bostock,300.25,2.1
899,04/03/2024,Giovanna Petry,593.89,3.2
900,05/12/2023,Dmitri Norrington,535.33,2.9
902,04/08/2023,Emalia Bonnyson,594.16,2.2
903,23/12/2023,Luella Marte,592.31,4.4
905,16/07/2024,Corey Syfax,176.53,0.1
906,14/03/2024,Lynn Pittendreigh,475.94,1.1
908,18/08/2023,Reagen Mewton,303.82,6.6
909,10/07/2024,Roanna Rizzillo,897.51,4.9
910,04/06/2024,Cliff Bryson,103.0,3.2
911,10/07/2024,Candace Huguet,353.13,3.1
913,09/12/2023,Quint Candlin,774.22,7.5
915,10/05/2023,Clarice Le Frank,616.36,0.1
916,18/06/2024,Alistair Jinda,719.58,7.8
917,21/08/2023,Sinclare D' Angelo,978.17,1.3
918,30/09/2023,Vinni Dunkersley,767.98,3.1
919,05/06/2023,Peta Cready,716.34,0.9
921,14/08/2023,Skipp Meas,670.2,0.8
923,17/03/2024,Anjanette Goggen,191.03,7.2
925,21/02/2024,Easter Bointon,654.82,3.8
927,26/07/2024,Irvin Dewire,187.93,3.1
928,27/04/2023,Kora Umney,343.26,0.8
929,05/02/2024,Derry Lambin,689.46,7.0
930,11/05/2023,Loren Marchington,493.24,2.1
931,14/07/2023,Davide Readwin,758.92,7.5
932,25/01/2024,Alan Dreigher,915.17,4.0
933,20/12/2023,Ashlin Bayles,814.53,0.0
934,29/02/2024,Blair Pates,822.2,1.7
935,25/02/2024,Mireille Cordell,280.74,0.9
936,27/02/2024,Haven Bottini,114.89,3.5
937,20/04/2024,Luisa Gillison,360.81,6.0
938,12/09/2023,Derry Gunney,89.68,2.3
939,10/05/2023,Hephzibah Fleischer,384.2,7.6
940,05/04/2024,Camile Aubrey,25.09,7.2
941,26/09/2023,Evanne Bastistini,979.23,3.8
942,23/11/2023,Tally Dellow,463.74,0.2
943,04/12/2023,Shaine Colliber,893.28,2.0
944,09/08/2023,Freeman Caddie,801.24,5.9
945,30/08/2023,Babita Cussins,460.91,3.8
946,19/03/2024,Tarah Mill,778.09,2.9
947,08/06/2023,Josey Barhams,304.79,5.0
949,14/10/2023,Richmond Cremer,117.21,5.5
950,21/05/2024,Curt Sloyan,776.38,5.4
951,13/09/2023,Silvan Yarrington,152.9,4.5
952,04/04/2024,Storm McDill,911.46,0.5
953,09/06/2024,Consolata Clericoates,969.95,1.4
954,10/09/2023,Andres Dunlop,104.51,4.8
958,21/04/2024,Xylia Bowyer,603.13,1.6
959,23/08/2023,Siegfried Ivanikov,760.66,2.7
960,11/05/2023,Farra Simonnin,761.17,4.9
963,16/08/2023,Peyton MacKinnon,685.62,3.0
964,10/06/2024,Lexie Hentzer,765.43,7.1
965,15/05/2024,Dorian Abeles,78.92,6.4
966,30/08/2023,Frances Haslegrave,511.18,7.3
967,17/03/2024,Kessia Viollet,532.11,2.1
969,12/02/2024,Merrick Balaam,118.77,6.8
970,02/11/2023,Jacob Kingsman,749.18,6.5
971,15/07/2023,Rhys Craxford,478.42,0.1
972,07/01/2024,Alair Garriock,667.63,4.5
973,12/08/2023,Tyson Ogle,814.05,3.6
975,23/03/2024,Viviene Carthy,932.33,4.4
978,12/10/2023,Arturo Mauchlen,3.21,7.5
979,16/06/2024,Brigitte Clarey,872.18,0.7
981,23/02/2024,Marlin Handman,971.52,0.8
982,01/02/2024,Jacynth Obbard,405.07,0.4
983,09/04/2024,Ibbie Stollenhof,36.05,0.6
984,22/12/2023,Birgit Kliemchen,64.17,5.9
985,07/08/2023,Tara Cockerton,388.57,6.1
986,04/11/2023,Monika Moscone,402.05,2.7
987,10/02/2024,Kamilah Genner,135.17,7.4
988,15/01/2024,Pen Towey,176.89,7.7
989,14/06/2024,Bernadette Mabee,491.81,6.3
990,17/05/2023,Frank Robbeke,690.12,2.3
991,06/07/2023,Piper McGill,741.23,2.8
993,07/04/2024,Sile Strowthers,828.27,1.4
996,28/07/2024,Oberon Sigge,109.56,2.9
998,09/04/2023,Fallon Krojn,626.24,4.8
999,04/09/2023,Misha Rannells,738.29,2.3
